Workbook

Sheet DATA
A1: SENTIMENT ANALYSIS — DATA & SCORING
A2: RAW DATA | B2: CLEAN TEXT | C2: Pos Score | D2: Neg Score | E2: Net Score | F2: Sentiment | G2: Confidence
A3: BBC News - Amazon boss Jeff Bezos rejects claims company acted like a 'drug dealer' bbc.co.uk/news/av/busineâ€¦ | B3: =LOWER(TRIM(A3)) -> bbc news - amazon boss jeff bezos rejects claims company acted like a 'drug dealer' bbc.co.uk/news/av/busineâ€¦ | C3: {=SUMPRODUCT(--ISNUMBER(SEARCH(KEYWORDS!$A$2:$A$11,B3)))} -> 2 | D3: {=SUMPRODUCT(--ISNUMBER(SEARCH(KEYWORDS!$A$2:$B$11,B3)))} -> 2 | E3: =C3-D3 -> 0 | F3: =IF(E3>0,"POSITIVE",IF(E3<0,"NEGATIVE","NEUTRAL")) -> NEUTRAL | G3: =IFERROR(MAX(C3,D3)/(C3+D3)*100,50) -> 50
A4: @Microsoft Why do I pay for WORD when it functions so poorly on my @SamsungUS Chromebook? ðŸ™„ | B4: =LOWER(TRIM(A4)) -> @microsoft why do i pay for word when it functions so poorly on my @samsungus chromebook? ðÿ™„ | C4: {=SUMPRODUCT(--ISNUMBER(SEARCH(KEYWORDS!$A$2:$A$11,B4)))} -> 0 | D4: {=SUMPRODUCT(--ISNUMBER(SEARCH(KEYWORDS!$A$2:$B$11,B4)))} -> 1 | E4: =C4-D4 -> -1 | F4: =IF(E4>0,"POSITIVE",IF(E4<0,"NEGATIVE","NEUTRAL")) -> NEGATIVE | G4: =IFERROR(MAX(C4,D4)/(C4+D4)*100,50) -> 100
A5: CSGO matchmaking is so full of closet hacking, it's a truly awful game. | B5: =LOWER(TRIM(A5)) -> csgo matchmaking is so full of closet hacking, it's a truly awful game. | C5: {=SUMPRODUCT(--ISNUMBER(SEARCH(KEYWORDS!$A$2:$A$11,B5)))} -> 0 | D5: {=SUMPRODUCT(--ISNUMBER(SEARCH(KEYWORDS!$A$2:$B$11,B5)))} -> 1 | E5: =C5-D5 -> -1 | F5: =IF(E5>0,"POSITIVE",IF(E5<0,"NEGATIVE","NEUTRAL")) -> NEGATIVE | G5: =IFERROR(MAX(C5,D5)/(C5+D5)*100,50) -> 100
A6: Now the President is slapping Americans in the face that he really did commit an unlawful act after his acquittal! From Discover on Google vanityfair.com/news/2020/02/tâ€¦ | B6: =LOWER(TRIM(A6)) -> now the president is slapping americans in the face that he really did commit an unlawful act after his acquittal! from discover on google vanityfair.com/news/2020/02/tâ€¦ | C6: {=SUMPRODUCT(--ISNUMBER(SEARCH(KEYWORDS!$A$2:$A$11,B6)))} -> 1 | D6: {=SUMPRODUCT(--ISNUMBER(SEARCH(KEYWORDS!$A$2:$B$11,B6)))} -> 4 | E6: =C6-D6 -> -3 | F6: =IF(E6>0,"POSITIVE",IF(E6<0,"NEGATIVE","NEUTRAL")) -> NEGATIVE | G6: =IFERROR(MAX(C6,D6)/(C6+D6)*100,50) -> 80
A7: Thank you @EAMaddenNFL!! New TE Austin Hooper in the ORANGE & BROWN!! | B7: =LOWER(TRIM(A7)) -> thank you @eamaddennfl!! new te austin hooper in the orange & brown!! | C7: {=SUMPRODUCT(--ISNUMBER(SEARCH(KEYWORDS!$A$2:$A$11,B7)))} -> 2 | D7: {=SUMPRODUCT(--ISNUMBER(SEARCH(KEYWORDS!$A$2:$B$11,B7)))} -> 2 | E7: =C7-D7 -> 0 | F7: =IF(E7>0,"POSITIVE",IF(E7<0,"NEGATIVE","NEUTRAL")) -> NEUTRAL | G7: =IFERROR(MAX(C7,D7)/(C7+D7)*100,50) -> 50
A8: Rocket League, Sea of Thieves or Rainbow Six: SiegeðŸ¤”? I love playing all three on stream but which is the best? #stream #twitch #RocketLeague #SeaOfThieves #RainbowSixSiege #follow | B8: =LOWER(TRIM(A8)) -> rocket league, sea of thieves or rainbow six: siegeðÿ¤”? i love playing all three on stream but which is the best? #stream #twitch #rocketleague #seaofthieves #rainbowsixsiege #follow | C8: {=SUMPRODUCT(--ISNUMBER(SEARCH(KEYWORDS!$A$2:$A$11,B8)))} -> 2 | D8: {=SUMPRODUCT(--ISNUMBER(SEARCH(KEYWORDS!$A$2:$B$11,B8)))} -> 2 | E8: =C8-D8 -> 0 | F8: =IF(E8>0,"POSITIVE",IF(E8<0,"NEGATIVE","NEUTRAL")) -> NEUTRAL | G8: =IFERROR(MAX(C8,D8)/(C8+D8)*100,50) -> 50
A9: my ass still knee-deep in Assassins Creed Odyssey with no way out anytime soon lmao | B9: =LOWER(TRIM(A9)) -> my ass still knee-deep in assassins creed odyssey with no way out anytime soon lmao | C9: 1 | D9: {=SUMPRODUCT(--ISNUMBER(SEARCH(KEYWORDS!$A$2:$B$11,B9)))} -> 0 | E9: =C9-D9 -> 1 | F9: =IF(E9>0,"POSITIVE",IF(E9<0,"NEGATIVE","NEUTRAL")) -> POSITIVE | G9: =IFERROR(MAX(C9,D9)/(C9+D9)*100,50) -> 100
A10: FIX IT JESUS ! Please FIX IT ! What In the world is going on here. @PlayStation @AskPlayStation @Playstationsup @Treyarch @CallofDuty negative 345 silver wolf error code pic.twitter.com/ziRyhrf59Q | B10: =LOWER(TRIM(A10)) -> fix it jesus ! please fix it ! what in the world is going on here. @playstation @askplaystation @playstationsup @treyarch @callofduty negative 345 silver wolf error code pic.twitter.com/ziryhrf59q | C10: {=SUMPRODUCT(--ISNUMBER(SEARCH(KEYWORDS!$A$2:$A$11,B10)))} -> 0 | D10: {=SUMPRODUCT(--ISNUMBER(SEARCH(KEYWORDS!$A$2:$B$11,B10)))} -> 0 | E10: =C10-D10 -> 0 | F10: =IF(E10>0,"POSITIVE",IF(E10<0,"NEGATIVE","NEUTRAL")) -> NEUTRAL | G10: =IFERROR(MAX(C10,D10)/(C10+D10)*100,50) -> 50
A11: The professional dota 2 scene is fucking exploding and I completely welcome it. Get the garbage out. | B11: =LOWER(TRIM(A11)) -> the professional dota 2 scene is fucking exploding and i completely welcome it. get the garbage out. | C11: {=SUMPRODUCT(--ISNUMBER(SEARCH(KEYWORDS!$A$2:$A$11,B11)))} -> 1 | D11: {=SUMPRODUCT(--ISNUMBER(SEARCH(KEYWORDS!$A$2:$B$11,B11)))} -> 3 | E11: =C11-D11 -> -2 | F11: =IF(E11>0,"POSITIVE",IF(E11<0,"NEGATIVE","NEUTRAL")) -> NEGATIVE | G11: =IFERROR(MAX(C11,D11)/(C11+D11)*100,50) -> 75
A12: Itching to assassinate #TCCGif #AssassinsCreedBlackFlag #AssassinsCreed #TheCapturedCollective pic.twitter.com/vv8MOGtCjw | B12: =LOWER(TRIM(A12)) -> itching to assassinate #tccgif #assassinscreedblackflag #assassinscreed #thecapturedcollective pic.twitter.com/vv8mogtcjw | C12: {=SUMPRODUCT(--ISNUMBER(SEARCH(KEYWORDS!$A$2:$A$11,B12)))} -> 1 | D12: {=SUMPRODUCT(--ISNUMBER(SEARCH(KEYWORDS!$A$2:$B$11,B12)))} -> 2 | E12: =C12-D12 -> -1 | F12: =IF(E12>0,"POSITIVE",IF(E12<0,"NEGATIVE","NEUTRAL")) -> NEGATIVE | G12: =IFERROR(MAX(C12,D12)/(C12+D12)*100,50) -> 66.666667
A13: @FredTJoseph hey fred, Comcast cut the cable and now Verizon stays calling me to shut that too pic.twitter.com/CPWSrmueDg | B13: =LOWER(TRIM(A13)) -> @fredtjoseph hey fred, comcast cut the cable and now verizon stays calling me to shut that too pic.twitter.com/cpwsrmuedg | C13: {=SUMPRODUCT(--ISNUMBER(SEARCH(KEYWORDS!$A$2:$A$11,B13)))} -> 0 | D13: {=SUMPRODUCT(--ISNUMBER(SEARCH(KEYWORDS!$A$2:$B$11,B13)))} -> 2 | E13: =C13-D13 -> -2 | F13: =IF(E13>0,"POSITIVE",IF(E13<0,"NEGATIVE","NEUTRAL")) -> NEGATIVE | G13: =IFERROR(MAX(C13,D13)/(C13+D13)*100,50) -> 100
A14: CSGO WIngman (Im Silver dont bully) twitch.tv/lprezh | B14: =LOWER(TRIM(A14)) -> csgo wingman (im silver dont bully) twitch.tv/lprezh | C14: {=SUMPRODUCT(--ISNUMBER(SEARCH(KEYWORDS!$A$2:$A$11,B14)))} -> 0 | D14: {=SUMPRODUCT(--ISNUMBER(SEARCH(KEYWORDS!$A$2:$B$11,B14)))} -> 0 | E14: =C14-D14 -> 0 | F14: =IF(E14>0,"POSITIVE",IF(E14<0,"NEGATIVE","NEUTRAL")) -> NEUTRAL | G14: =IFERROR(MAX(C14,D14)/(C14+D14)*100,50) -> 50
A15: @NBA2K game sucks... down by 2 with 38 seconds left and my team intentionally fouls | B15: =LOWER(TRIM(A15)) -> @nba2k game sucks... down by 2 with 38 seconds left and my team intentionally fouls | C15: {=SUMPRODUCT(--ISNUMBER(SEARCH(KEYWORDS!$A$2:$A$11,B15)))} -> 0 | D15: {=SUMPRODUCT(--ISNUMBER(SEARCH(KEYWORDS!$A$2:$B$11,B15)))} -> 1 | E15: =C15-D15 -> -1 | F15: =IF(E15>0,"POSITIVE",IF(E15<0,"NEGATIVE","NEUTRAL")) -> NEGATIVE | G15: =IFERROR(MAX(C15,D15)/(C15+D15)*100,50) -> 100
A16: Thatâ€™s the best one wtf? | B16: =LOWER(TRIM(A16)) -> thatâ€™s the best one wtf? | C16: {=SUMPRODUCT(--ISNUMBER(SEARCH(KEYWORDS!$A$2:$A$11,B16)))} -> 1 | D16: {=SUMPRODUCT(--ISNUMBER(SEARCH(KEYWORDS!$A$2:$B$11,B16)))} -> 1 | E16: =C16-D16 -> 0 | F16: =IF(E16>0,"POSITIVE",IF(E16<0,"NEGATIVE","NEUTRAL")) -> NEUTRAL | G16: =IFERROR(MAX(C16,D16)/(C16+D16)*100,50) -> 50
F18: =COUNTIF(F3:F16,"POSITIVE") -> 1
F19: =COUNTIF(F3:F16,"NEGATIVE") -> 7
F20: =COUNTIF(F3:F16,"NEUTRAL") -> 6
B983: =LOWER(TRIM(A983))
B984: =LOWER(TRIM(A984))
B985: =LOWER(TRIM(A985))
B986: =LOWER(TRIM(A986))
B987: =LOWER(TRIM(A987))
B988: =LOWER(TRIM(A988))
B989: =LOWER(TRIM(A989))
B990: =LOWER(TRIM(A990))
B991: =LOWER(TRIM(A991))
B992: =LOWER(TRIM(A992))
B993: =LOWER(TRIM(A993))
B994: =LOWER(TRIM(A994))
... B996: =LOWER(TRIM(A996))

Sheet KEYWORDS
A1: ✅ POSITIVE WORDS | B1: ❌ NEGATIVE WORDS
A2: LOVE | B2: POOR
A3: BEST | B3: AWFUL
A4: THANK YOU | B4: UNLAWFUL
A5: COMPLETE | B5: FUCKING
A6: COLLECTIVE | B6: EXPLODING
A7: POSITIVE | B7: ASSASSINATE
A8: CLAIM | B8: CUT
A9: HAPPY | B9: SLAPPING
A10: SMOOTH | B10: SHUT
A11: NEW | B11: SUCKS
A12: WAY | B12: FOWLS
B13: CAPTURE
B14: NEGETIVE
B15: OUT

Sheet Sheet6
A3: ROW LABEL | B3: TOTAL
A4: NEGATIVE | B4: 7
A5: NUETRAL | B5: 6
A6: POSITIVE | B6: 1
A7: TOTAL | B7: =SUM(B4:B6) -> 14
A9: AVERAGE | B9: =AVERAGE(B4:B6) -> 4.6666667
A18: AVERAGE CONFIDENCE | B18: =AVERAGE(DATA!G3:G16) -> 72.97619
